<?xml version="1.0" encoding="UTF-8"?>
<project-private xmlns="http://www.netbeans.org/ns/project-private/1">
    <editor-bookmarks xmlns="http://www.netbeans.org/ns/editor-bookmarks/2" lastBookmarkId="0"/>
    <open-files xmlns="http://www.netbeans.org/ns/projectui-open-files/2">
        <group>
            <file>file:/Users/giorgosmathioudakis/Desktop/Giorgos/hy359/HY359_Project/ask1_2/src/java/database/tables/EditPetKeepersTable.java</file>
            <file>file:/Users/giorgosmathioudakis/Desktop/Giorgos/hy359/HY359_Project/ask1_2/src/java/mainClasses/Booking.java</file>
            <file>file:/Users/giorgosmathioudakis/Desktop/Giorgos/hy359/HY359_Project/ask1_2/web/petowner.html</file>
            <file>file:/Users/giorgosmathioudakis/Desktop/Giorgos/hy359/HY359_Project/ask1_2/web/petkeeper.jsp</file>
            <file>file:/Users/giorgosmathioudakis/Desktop/Giorgos/hy359/HY359_Project/ask1_2/web/signIn.html</file>
            <file>file:/Users/giorgosmathioudakis/Desktop/Giorgos/hy359/HY359_Project/ask1_2/web/js/petowner.js</file>
            <file>file:/Users/giorgosmathioudakis/Desktop/Giorgos/hy359/HY359_Project/ask1_2/src/java/database/tables/EditBookingsTable.java</file>
            <file>file:/Users/giorgosmathioudakis/Desktop/Giorgos/hy359/HY359_Project/ask1_2/src/java/mainClasses/PetKeeper.java</file>
            <file>file:/Users/giorgosmathioudakis/Desktop/Giorgos/hy359/HY359_Project/ask1_2/web/adminPage.html</file>
            <file>file:/Users/giorgosmathioudakis/Desktop/Giorgos/hy359/HY359_Project/ask1_2/web/js/petkeeper.js</file>
            <file>file:/Users/giorgosmathioudakis/Desktop/Giorgos/hy359/HY359_Project/ask1_2/src/java/servlets/login.java</file>
            <file>file:/Users/giorgosmathioudakis/Desktop/Giorgos/hy359/HY359_Project/ask1_2/src/java/servlets/keeperMessages.java</file>
            <file>file:/Users/giorgosmathioudakis/Desktop/Giorgos/hy359/HY359_Project/ask1_2/src/java/servlets/ownerMessages.java</file>
            <file>file:/Users/giorgosmathioudakis/Desktop/Giorgos/hy359/HY359_Project/ask1_2/web/petowner.jsp</file>
        </group>
    </open-files>
</project-private>
